Datetime,Water Level (m)
2026-10-01 18:00:00,1.0103562
2026-10-01 19:00:00,1.2181329
2026-10-01 20:00:00,1.1946642
2026-10-01 21:00:00,0.93075
2026-10-01 22:00:00,0.54484695
2026-10-01 23:00:00,0.13788798
2026-10-02 00:00:00,-0.22120826
2026-10-02 01:00:00,-0.48017374
2026-10-02 02:00:00,-0.5461096
2026-10-02 03:00:00,-0.33059832
2026-10-02 04:00:00,0.036599208
2026-10-02 05:00:00,0.40123817
2026-10-02 06:00:00,0.7011796
2026-10-02 07:00:00,0.8791707
2026-10-02 08:00:00,0.84292006
2026-10-02 09:00:00,0.61463916
2026-10-02 10:00:00,0.3005976
2026-10-02 11:00:00,-0.030146593
2026-10-02 12:00:00,-0.34600204
2026-10-02 13:00:00,-0.56087714
2026-10-02 14:00:00,-0.6426037
2026-10-02 15:00:00,-0.4825116
2026-10-02 16:00:00,-0.124086894
2026-10-02 17:00:00,0.27343515
2026-10-02 18:00:00,0.6604987
2026-10-02 19:00:00,0.9782496
2026-10-02 20:00:00,1.1229234
2026-10-02 21:00:00,1.0523417
2026-10-02 22:00:00,0.79075986
2026-10-02 23:00:00,0.47024405
2026-10-03 00:00:00,0.14081995
2026-10-03 01:00:00,-0.13850057
2026-10-03 02:00:00,-0.33539507
2026-10-03 03:00:00,-0.3881232
2026-10-03 04:00:00,-0.25446796
2026-10-03 05:00:00,0.0075823334
2026-10-03 06:00:00,0.2904971
2026-10-03 07:00:00,0.5389915
2026-10-03 08:00:00,0.69626665
2026-10-03 09:00:00,0.7042438
2026-10-03 10:00:00,0.5505617
2026-10-03 11:00:00,0.30447882
2026-10-03 12:00:00,0.03304863
2026-10-03 13:00:00,-0.2117847
2026-10-03 14:00:00,-0.39780197
2026-10-03 15:00:00,-0.4565021
2026-10-03 16:00:00,-0.31924334
2026-10-03 17:00:00,-0.04753655
2026-10-03 18:00:00,0.25292286
2026-10-03 19:00:00,0.5565157
2026-10-03 20:00:00,0.8187524
2026-10-03 21:00:00,0.9663115
2026-10-03 22:00:00,0.9631781
2026-10-03 23:00:00,0.8013971
2026-10-04 00:00:00,0.5489012
2026-10-04 01:00:00,0.26759627
2026-10-04 02:00:00,-0.011057318
2026-10-04 03:00:00,-0.21395843
2026-10-04 04:00:00,-0.31835178
2026-10-04 05:00:00,-0.27711502
2026-10-04 06:00:00,-0.09673584
2026-10-04 07:00:00,0.13040224
2026-10-04 08:00:00,0.3597977
2026-10-04 09:00:00,0.5438798
2026-10-04 10:00:00,0.6314597
2026-10-04 11:00:00,0.5964298
2026-10-04 12:00:00,0.4502671
2026-10-04 13:00:00,0.23388794
2026-10-04 14:00:00,-0.0014428496
2026-10-04 15:00:00,-0.20567805
2026-10-04 16:00:00,-0.3322642
2026-10-04 17:00:00,-0.32799917
2026-10-04 18:00:00,-0.15959838
2026-10-04 19:00:00,0.09377275
2026-10-04 20:00:00,0.3838298
2026-10-04 21:00:00,0.66190475
2026-10-04 22:00:00,0.86748564
2026-10-04 23:00:00,0.9545689
2026-10-05 00:00:00,0.900498
2026-10-05 01:00:00,0.70694935
2026-10-05 02:00:00,0.43404046
2026-10-05 03:00:00,0.13795935
2026-10-05 04:00:00,-0.13431154
2026-10-05 05:00:00,-0.33369678
2026-10-05 06:00:00,-0.40766695
2026-10-05 07:00:00,-0.3156407
2026-10-05 08:00:00,-0.07062659
2026-10-05 09:00:00,0.21925548
2026-10-05 10:00:00,0.48262963
2026-10-05 11:00:00,0.6801813
2026-10-05 12:00:00,0.75275266
2026-10-05 13:00:00,0.6794652
2026-10-05 14:00:00,0.47460848
2026-10-05 15:00:00,0.2024383
2026-10-05 16:00:00,-0.060784522
2026-10-05 17:00:00,-0.26874647
2026-10-05 18:00:00,-0.36624113
2026-10-05 19:00:00,-0.31147656
2026-10-05 20:00:00,-0.0854745
2026-10-05 21:00:00,0.22256494
2026-10-05 22:00:00,0.5422773
2026-10-05 23:00:00,0.8341074
2026-10-06 00:00:00,1.0143783
2026-10-06 01:00:00,1.0370085
2026-10-06 02:00:00,0.8646492
2026-10-06 03:00:00,0.54419476
2026-10-06 04:00:00,0.1823001
2026-10-06 05:00:00,-0.15930969
2026-10-06 06:00:00,-0.42657927
2026-10-06 07:00:00,-0.56607497
2026-10-06 08:00:00,-0.50591826
2026-10-06 09:00:00,-0.21164216
2026-10-06 10:00:00,0.14919056
2026-10-06 11:00:00,0.49446213
2026-10-06 12:00:00,0.7725179
2026-10-06 13:00:00,0.9121135
2026-10-06 14:00:00,0.8714005
2026-10-06 15:00:00,0.6317883
2026-10-06 16:00:00,0.30599415
2026-10-06 17:00:00,-0.036354065
2026-10-06 18:00:00,-0.33987033
2026-10-06 19:00:00,-0.5289008
2026-10-06 20:00:00,-0.5463483
2026-10-06 21:00:00,-0.28694433
2026-10-06 22:00:00,0.101011686
2026-10-06 23:00:00,0.5125642
2026-10-07 00:00:00,0.8798653
2026-10-07 01:00:00,1.1173961
2026-10-07 02:00:00,1.1385471
2026-10-07 03:00:00,0.9048653
2026-10-07 04:00:00,0.534672
2026-10-07 05:00:00,0.12655164
2026-10-07 06:00:00,-0.24772231
2026-10-07 07:00:00,-0.5524986
2026-10-07 08:00:00,-0.705349
2026-10-07 09:00:00,-0.61861587
2026-10-07 10:00:00,-0.23870642
2026-10-07 11:00:00,0.19357531
2026-10-07 12:00:00,0.6185538
2026-10-07 13:00:00,0.96720237
2026-10-07 14:00:00,1.1266086
2026-10-07 15:00:00,1.042428
2026-10-07 16:00:00,0.72156286
2026-10-07 17:00:00,0.32469094
2026-10-07 18:00:00,-0.080507144
